<?xml version='1.0' encoding='UTF-8'?>
<types:mule xmlns:types="http://www.mulesoft.org/schema/mule/types">
  <types:catalog>
    <types:type name="auto_7af8c997-a9cd-4fa9-92ee-e7880ebb02d7_Output-Attributes" format="java">
      <types:shape format="weave" example="weave/autogenerated/7af8c997-a9cd-4fa9-92ee-e7880ebb02d7/Output-Attributes.wev" autogeneratedOrigin="9c1f607a-2a35-414d-9227-63b13b994e71"><![CDATA[%dw 2.0

type auto_7af8c997_a9cd_4fa9_92ee_e7880ebb02d7_Output_Attributes = {|
  clientCertificate?: {|
    publicKey?: {|  |}, 
    "type"?: String, 
    encoded?: Binary
  |}, 
  headers: {|  |}, 
  listenerPath: String, 
  method: String, 
  queryParams: {| bedavailability: String |}, 
  queryString: String, 
  relativePath: String, 
  remoteAddress: String, 
  requestPath: String, 
  requestUri: String, 
  scheme: String, 
  uriParams: {|  |}, 
  version: String, 
  localAddress: String
|}

]]></types:shape>
    </types:type>
    <types:type name="auto_7af8c997-a9cd-4fa9-92ee-e7880ebb02d7_Output-Variables-outboundHeaders" format="java">
      <types:shape format="weave" example="weave/autogenerated/7af8c997-a9cd-4fa9-92ee-e7880ebb02d7/Output-Variables-outboundHeaders.wev" autogeneratedOrigin="9c1f607a-2a35-414d-9227-63b13b994e71"><![CDATA[%dw 2.0

type auto_7af8c997_a9cd_4fa9_92ee_e7880ebb02d7_Output_Variables_outboundHeaders = {|  |}

]]></types:shape>
    </types:type>
    <types:type name="auto_7af8c997-a9cd-4fa9-92ee-e7880ebb02d7_Input-Variables-outboundHeaders" format="java">
      <types:shape format="weave" example="weave/autogenerated/7af8c997-a9cd-4fa9-92ee-e7880ebb02d7/Input-Variables-outboundHeaders.wev" autogeneratedOrigin="9c1f607a-2a35-414d-9227-63b13b994e71"><![CDATA[%dw 2.0

type auto_7af8c997_a9cd_4fa9_92ee_e7880ebb02d7_Input_Variables_outboundHeaders = {|  |}

]]></types:shape>
    </types:type>
    <types:type name="auto_7af8c997-a9cd-4fa9-92ee-e7880ebb02d7_Output-Payload" format="java">
      <types:shape format="weave" example="weave/autogenerated/7af8c997-a9cd-4fa9-92ee-e7880ebb02d7/Output-Payload.wev" autogeneratedOrigin="9c1f607a-2a35-414d-9227-63b13b994e71"><![CDATA[%dw 2.0

type auto_7af8c997_a9cd_4fa9_92ee_e7880ebb02d7_Output_Payload = Any

]]></types:shape>
    </types:type>
    <types:type name="auto_7af8c997-a9cd-4fa9-92ee-e7880ebb02d7_Input-Attributes" format="java">
      <types:shape format="weave" example="weave/autogenerated/7af8c997-a9cd-4fa9-92ee-e7880ebb02d7/Input-Attributes.wev" autogeneratedOrigin="9c1f607a-2a35-414d-9227-63b13b994e71"><![CDATA[%dw 2.0

type auto_7af8c997_a9cd_4fa9_92ee_e7880ebb02d7_Input_Attributes = {|
  clientCertificate?: {|
    publicKey?: {|  |}, 
    "type"?: String, 
    encoded?: Binary
  |}, 
  headers: {|  |}, 
  listenerPath: String, 
  method: String, 
  queryParams: {| bedavailability: String |}, 
  queryString: String, 
  relativePath: String, 
  remoteAddress: String, 
  requestPath: String, 
  requestUri: String, 
  scheme: String, 
  uriParams: {|  |}, 
  version: String, 
  localAddress: String
|}

]]></types:shape>
    </types:type>
    <types:type name="auto_7af8c997-a9cd-4fa9-92ee-e7880ebb02d7_Output-Variables-httpStatus" format="java">
      <types:shape format="raml" autogeneratedOrigin="9c1f607a-2a35-414d-9227-63b13b994e71"><![CDATA[#%RAML 1.0 DataType
type: string]]></types:shape>
    </types:type>
    <types:type name="auto_7af8c997-a9cd-4fa9-92ee-e7880ebb02d7_Input-Payload" format="java">
      <types:shape format="weave" example="weave/autogenerated/7af8c997-a9cd-4fa9-92ee-e7880ebb02d7/Input-Payload.wev" autogeneratedOrigin="9c1f607a-2a35-414d-9227-63b13b994e71"><![CDATA[%dw 2.0

type auto_7af8c997_a9cd_4fa9_92ee_e7880ebb02d7_Input_Payload = Any

]]></types:shape>
    </types:type>
    <types:type name="auto_7af8c997-a9cd-4fa9-92ee-e7880ebb02d7_Input-Variables-httpStatus" format="java">
      <types:shape format="raml" autogeneratedOrigin="9c1f607a-2a35-414d-9227-63b13b994e71"><![CDATA[#%RAML 1.0 DataType
type: string]]></types:shape>
    </types:type>
    <types:type name="auto_2eb1ec26-e820-4234-b677-24ab3388e6c0_Input-Payload" format="java">
      <types:shape format="weave" example="weave/autogenerated/2eb1ec26-e820-4234-b677-24ab3388e6c0/Input-Payload.wev" autogeneratedOrigin="70190de6-e17c-4c00-9fb0-4a6bda546763"><![CDATA[%dw 2.0

type auto_2eb1ec26_e820_4234_b677_24ab3388e6c0_Input_Payload = Any

]]></types:shape>
    </types:type>
    <types:type name="auto_2eb1ec26-e820-4234-b677-24ab3388e6c0_Input-Attributes" format="java">
      <types:shape format="weave" example="weave/autogenerated/2eb1ec26-e820-4234-b677-24ab3388e6c0/Input-Attributes.wev" autogeneratedOrigin="70190de6-e17c-4c00-9fb0-4a6bda546763"><![CDATA[%dw 2.0

type auto_2eb1ec26_e820_4234_b677_24ab3388e6c0_Input_Attributes = {|
  clientCertificate?: {|
    publicKey?: {|  |}, 
    "type"?: String, 
    encoded?: Binary
  |}, 
  headers: {|  |}, 
  listenerPath: String, 
  method: String, 
  queryParams: {|
    TotalICUBed: String, 
    RemainingICUBed: String, 
    TotalNormalBed: String, 
    RemainingNormalBed: String, 
    hospitalDetailsflag: String
  |}, 
  queryString: String, 
  relativePath: String, 
  remoteAddress: String, 
  requestPath: String, 
  requestUri: String, 
  scheme: String, 
  uriParams: {|  |}, 
  version: String, 
  localAddress: String
|}

]]></types:shape>
    </types:type>
    <types:type name="auto_2eb1ec26-e820-4234-b677-24ab3388e6c0_Input-Variables-outboundHeaders" format="java">
      <types:shape format="weave" example="weave/autogenerated/2eb1ec26-e820-4234-b677-24ab3388e6c0/Input-Variables-outboundHeaders.wev" autogeneratedOrigin="70190de6-e17c-4c00-9fb0-4a6bda546763"><![CDATA[%dw 2.0

type auto_2eb1ec26_e820_4234_b677_24ab3388e6c0_Input_Variables_outboundHeaders = {|  |}

]]></types:shape>
    </types:type>
    <types:type name="auto_2eb1ec26-e820-4234-b677-24ab3388e6c0_Input-Variables-httpStatus" format="java">
      <types:shape format="raml" autogeneratedOrigin="70190de6-e17c-4c00-9fb0-4a6bda546763"><![CDATA[#%RAML 1.0 DataType
type: string]]></types:shape>
    </types:type>
    <types:type name="auto_2eb1ec26-e820-4234-b677-24ab3388e6c0_Output-Payload" format="json">
      <types:shape format="weave" example="weave/autogenerated/2eb1ec26-e820-4234-b677-24ab3388e6c0/Output-Payload.wev" autogeneratedOrigin="70190de6-e17c-4c00-9fb0-4a6bda546763"><![CDATA[%dw 2.0

type auto_2eb1ec26_e820_4234_b677_24ab3388e6c0_Output_Payload = {|  |}

]]></types:shape>
    </types:type>
    <types:type name="auto_2eb1ec26-e820-4234-b677-24ab3388e6c0_Output-Attributes" format="java">
      <types:shape format="weave" example="weave/autogenerated/2eb1ec26-e820-4234-b677-24ab3388e6c0/Output-Attributes.wev" autogeneratedOrigin="70190de6-e17c-4c00-9fb0-4a6bda546763"><![CDATA[%dw 2.0

type auto_2eb1ec26_e820_4234_b677_24ab3388e6c0_Output_Attributes = {|
  clientCertificate?: {|
    publicKey?: {|  |}, 
    "type"?: String, 
    encoded?: Binary
  |}, 
  headers: {|  |}, 
  listenerPath: String, 
  method: String, 
  queryParams: {|
    TotalICUBed: String, 
    RemainingICUBed: String, 
    TotalNormalBed: String, 
    RemainingNormalBed: String, 
    hospitalDetailsflag: String
  |}, 
  queryString: String, 
  relativePath: String, 
  remoteAddress: String, 
  requestPath: String, 
  requestUri: String, 
  scheme: String, 
  uriParams: {|  |}, 
  version: String, 
  localAddress: String
|}

]]></types:shape>
    </types:type>
    <types:type name="auto_2eb1ec26-e820-4234-b677-24ab3388e6c0_Output-Variables-outboundHeaders" format="java">
      <types:shape format="weave" example="weave/autogenerated/2eb1ec26-e820-4234-b677-24ab3388e6c0/Output-Variables-outboundHeaders.wev" autogeneratedOrigin="70190de6-e17c-4c00-9fb0-4a6bda546763"><![CDATA[%dw 2.0

type auto_2eb1ec26_e820_4234_b677_24ab3388e6c0_Output_Variables_outboundHeaders = {|  |}

]]></types:shape>
    </types:type>
    <types:type name="auto_2eb1ec26-e820-4234-b677-24ab3388e6c0_Output-Variables-httpStatus" format="java">
      <types:shape format="raml" autogeneratedOrigin="70190de6-e17c-4c00-9fb0-4a6bda546763"><![CDATA[#%RAML 1.0 DataType
type: string]]></types:shape>
    </types:type>
    <types:type name="auto_b64e7b5a-4c13-4ed5-8751-5a52e1329279_Input-Payload" format="java">
      <types:shape format="weave" example="weave/autogenerated/b64e7b5a-4c13-4ed5-8751-5a52e1329279/Input-Payload.wev" autogeneratedOrigin="a78869f6-ea8f-4cc3-a490-689788ea6a4f"><![CDATA[%dw 2.0

type auto_b64e7b5a_4c13_4ed5_8751_5a52e1329279_Input_Payload = Any

]]></types:shape>
    </types:type>
    <types:type name="auto_b64e7b5a-4c13-4ed5-8751-5a52e1329279_Input-Attributes" format="java">
      <types:shape format="weave" example="weave/autogenerated/b64e7b5a-4c13-4ed5-8751-5a52e1329279/Input-Attributes.wev" autogeneratedOrigin="a78869f6-ea8f-4cc3-a490-689788ea6a4f"><![CDATA[%dw 2.0

type auto_b64e7b5a_4c13_4ed5_8751_5a52e1329279_Input_Attributes = {|
  clientCertificate?: {|
    publicKey?: {|  |}, 
    "type"?: String, 
    encoded?: Binary
  |}, 
  headers: {|  |}, 
  listenerPath: String, 
  method: String, 
  queryParams: {|
    PatientId: String, 
    PatientDetailsflag: String
  |}, 
  queryString: String, 
  relativePath: String, 
  remoteAddress: String, 
  requestPath: String, 
  requestUri: String, 
  scheme: String, 
  uriParams: {|  |}, 
  version: String, 
  localAddress: String
|}

]]></types:shape>
    </types:type>
    <types:type name="auto_b64e7b5a-4c13-4ed5-8751-5a52e1329279_Input-Variables-outboundHeaders" format="java">
      <types:shape format="weave" example="weave/autogenerated/b64e7b5a-4c13-4ed5-8751-5a52e1329279/Input-Variables-outboundHeaders.wev" autogeneratedOrigin="a78869f6-ea8f-4cc3-a490-689788ea6a4f"><![CDATA[%dw 2.0

type auto_b64e7b5a_4c13_4ed5_8751_5a52e1329279_Input_Variables_outboundHeaders = {|  |}

]]></types:shape>
    </types:type>
    <types:type name="auto_b64e7b5a-4c13-4ed5-8751-5a52e1329279_Input-Variables-httpStatus" format="java">
      <types:shape format="raml" autogeneratedOrigin="a78869f6-ea8f-4cc3-a490-689788ea6a4f"><![CDATA[#%RAML 1.0 DataType
type: string]]></types:shape>
    </types:type>
    <types:type name="auto_b64e7b5a-4c13-4ed5-8751-5a52e1329279_Output-Payload" format="json">
      <types:shape format="weave" example="weave/autogenerated/b64e7b5a-4c13-4ed5-8751-5a52e1329279/Output-Payload.wev" autogeneratedOrigin="a78869f6-ea8f-4cc3-a490-689788ea6a4f"><![CDATA[%dw 2.0

type auto_b64e7b5a_4c13_4ed5_8751_5a52e1329279_Output_Payload = Any

]]></types:shape>
    </types:type>
    <types:type name="auto_b64e7b5a-4c13-4ed5-8751-5a52e1329279_Output-Attributes" format="java">
      <types:shape format="weave" example="weave/autogenerated/b64e7b5a-4c13-4ed5-8751-5a52e1329279/Output-Attributes.wev" autogeneratedOrigin="a78869f6-ea8f-4cc3-a490-689788ea6a4f"><![CDATA[%dw 2.0

type auto_b64e7b5a_4c13_4ed5_8751_5a52e1329279_Output_Attributes = {|
  clientCertificate?: {|
    publicKey?: {|  |}, 
    "type"?: String, 
    encoded?: Binary
  |}, 
  headers: {|  |}, 
  listenerPath: String, 
  method: String, 
  queryParams: {|
    PatientId: String, 
    PatientDetailsflag: String
  |}, 
  queryString: String, 
  relativePath: String, 
  remoteAddress: String, 
  requestPath: String, 
  requestUri: String, 
  scheme: String, 
  uriParams: {|  |}, 
  version: String, 
  localAddress: String
|}

]]></types:shape>
    </types:type>
    <types:type name="auto_b64e7b5a-4c13-4ed5-8751-5a52e1329279_Output-Variables-outboundHeaders" format="java">
      <types:shape format="weave" example="weave/autogenerated/b64e7b5a-4c13-4ed5-8751-5a52e1329279/Output-Variables-outboundHeaders.wev" autogeneratedOrigin="a78869f6-ea8f-4cc3-a490-689788ea6a4f"><![CDATA[%dw 2.0

type auto_b64e7b5a_4c13_4ed5_8751_5a52e1329279_Output_Variables_outboundHeaders = {|  |}

]]></types:shape>
    </types:type>
    <types:type name="auto_b64e7b5a-4c13-4ed5-8751-5a52e1329279_Output-Variables-httpStatus" format="java">
      <types:shape format="raml" autogeneratedOrigin="a78869f6-ea8f-4cc3-a490-689788ea6a4f"><![CDATA[#%RAML 1.0 DataType
type: string]]></types:shape>
    </types:type>
    <types:type name="auto_8073c538-049d-48db-bb50-6db133bbaa97_Input-Payload" format="json">
      <types:shape format="weave" example="weave/autogenerated/8073c538-049d-48db-bb50-6db133bbaa97/Input-Payload.wev" autogeneratedOrigin="f69d42d6-7c8b-46d1-8b4d-71e55e655f33"><![CDATA[%dw 2.0

type auto_8073c538_049d_48db_bb50_6db133bbaa97_Input_Payload = Any

]]></types:shape>
    </types:type>
    <types:type name="auto_8073c538-049d-48db-bb50-6db133bbaa97_Input-Attributes" format="java">
      <types:shape format="weave" example="weave/autogenerated/8073c538-049d-48db-bb50-6db133bbaa97/Input-Attributes.wev" autogeneratedOrigin="f69d42d6-7c8b-46d1-8b4d-71e55e655f33"><![CDATA[%dw 2.0

type auto_8073c538_049d_48db_bb50_6db133bbaa97_Input_Attributes = {|
  clientCertificate?: {|
    publicKey?: {|  |}, 
    "type"?: String, 
    encoded?: Binary
  |}, 
  headers: {|  |}, 
  listenerPath: String, 
  method: String, 
  queryParams: {|
    SurgeryName: String, 
    Surgeryflag: String
  |}, 
  queryString: String, 
  relativePath: String, 
  remoteAddress: String, 
  requestPath: String, 
  requestUri: String, 
  scheme: String, 
  uriParams: {|  |}, 
  version: String, 
  localAddress: String
|}

]]></types:shape>
    </types:type>
    <types:type name="auto_8073c538-049d-48db-bb50-6db133bbaa97_Input-Variables-outboundHeaders" format="java">
      <types:shape format="weave" example="weave/autogenerated/8073c538-049d-48db-bb50-6db133bbaa97/Input-Variables-outboundHeaders.wev" autogeneratedOrigin="f69d42d6-7c8b-46d1-8b4d-71e55e655f33"><![CDATA[%dw 2.0

type auto_8073c538_049d_48db_bb50_6db133bbaa97_Input_Variables_outboundHeaders = {|  |}

]]></types:shape>
    </types:type>
    <types:type name="auto_8073c538-049d-48db-bb50-6db133bbaa97_Input-Variables-httpStatus" format="java">
      <types:shape format="raml" autogeneratedOrigin="f69d42d6-7c8b-46d1-8b4d-71e55e655f33"><![CDATA[#%RAML 1.0 DataType
type: string]]></types:shape>
    </types:type>
    <types:type name="auto_8073c538-049d-48db-bb50-6db133bbaa97_Output-Payload" format="json">
      <types:shape format="weave" example="weave/autogenerated/8073c538-049d-48db-bb50-6db133bbaa97/Output-Payload.wev" autogeneratedOrigin="f69d42d6-7c8b-46d1-8b4d-71e55e655f33"><![CDATA[%dw 2.0

type auto_8073c538_049d_48db_bb50_6db133bbaa97_Output_Payload = Any

]]></types:shape>
    </types:type>
    <types:type name="auto_8073c538-049d-48db-bb50-6db133bbaa97_Output-Attributes" format="java">
      <types:shape format="weave" example="weave/autogenerated/8073c538-049d-48db-bb50-6db133bbaa97/Output-Attributes.wev" autogeneratedOrigin="f69d42d6-7c8b-46d1-8b4d-71e55e655f33"><![CDATA[%dw 2.0

type auto_8073c538_049d_48db_bb50_6db133bbaa97_Output_Attributes = {|
  clientCertificate?: {|
    publicKey?: {|  |}, 
    "type"?: String, 
    encoded?: Binary
  |}, 
  headers: {|  |}, 
  listenerPath: String, 
  method: String, 
  queryParams: {|
    SurgeryName: String, 
    Surgeryflag: String
  |}, 
  queryString: String, 
  relativePath: String, 
  remoteAddress: String, 
  requestPath: String, 
  requestUri: String, 
  scheme: String, 
  uriParams: {|  |}, 
  version: String, 
  localAddress: String
|}

]]></types:shape>
    </types:type>
    <types:type name="auto_8073c538-049d-48db-bb50-6db133bbaa97_Output-Variables-outboundHeaders" format="java">
      <types:shape format="weave" example="weave/autogenerated/8073c538-049d-48db-bb50-6db133bbaa97/Output-Variables-outboundHeaders.wev" autogeneratedOrigin="f69d42d6-7c8b-46d1-8b4d-71e55e655f33"><![CDATA[%dw 2.0

type auto_8073c538_049d_48db_bb50_6db133bbaa97_Output_Variables_outboundHeaders = {|  |}

]]></types:shape>
    </types:type>
    <types:type name="auto_8073c538-049d-48db-bb50-6db133bbaa97_Output-Variables-httpStatus" format="java">
      <types:shape format="raml" autogeneratedOrigin="f69d42d6-7c8b-46d1-8b4d-71e55e655f33"><![CDATA[#%RAML 1.0 DataType
type: string]]></types:shape>
    </types:type>
  </types:catalog>
  <types:enrichment select="#7af8c997-a9cd-4fa9-92ee-e7880ebb02d7">
    <types:processor-declaration>
      <types:input-event>
        <types:message>
          <types:payload type="auto_7af8c997-a9cd-4fa9-92ee-e7880ebb02d7_Input-Payload"/>
          <types:attributes type="auto_7af8c997-a9cd-4fa9-92ee-e7880ebb02d7_Input-Attributes"/>
        </types:message>
        <types:variables>
          <types:variable name="outboundHeaders" type="auto_7af8c997-a9cd-4fa9-92ee-e7880ebb02d7_Input-Variables-outboundHeaders"/>
          <types:variable name="httpStatus" type="auto_7af8c997-a9cd-4fa9-92ee-e7880ebb02d7_Input-Variables-httpStatus"/>
        </types:variables>
      </types:input-event>
      <types:output-event>
        <types:message>
          <types:payload type="auto_7af8c997-a9cd-4fa9-92ee-e7880ebb02d7_Output-Payload"/>
          <types:attributes type="auto_7af8c997-a9cd-4fa9-92ee-e7880ebb02d7_Output-Attributes"/>
        </types:message>
        <types:variables>
          <types:variable name="outboundHeaders" type="auto_7af8c997-a9cd-4fa9-92ee-e7880ebb02d7_Output-Variables-outboundHeaders"/>
          <types:variable name="httpStatus" type="auto_7af8c997-a9cd-4fa9-92ee-e7880ebb02d7_Output-Variables-httpStatus"/>
        </types:variables>
      </types:output-event>
    </types:processor-declaration>
  </types:enrichment>
  <types:enrichment select="#2eb1ec26-e820-4234-b677-24ab3388e6c0">
    <types:processor-declaration>
      <types:input-event>
        <types:message>
          <types:payload type="auto_2eb1ec26-e820-4234-b677-24ab3388e6c0_Input-Payload"/>
          <types:attributes type="auto_2eb1ec26-e820-4234-b677-24ab3388e6c0_Input-Attributes"/>
        </types:message>
        <types:variables>
          <types:variable name="outboundHeaders" type="auto_2eb1ec26-e820-4234-b677-24ab3388e6c0_Input-Variables-outboundHeaders"/>
          <types:variable name="httpStatus" type="auto_2eb1ec26-e820-4234-b677-24ab3388e6c0_Input-Variables-httpStatus"/>
        </types:variables>
      </types:input-event>
      <types:output-event>
        <types:message>
          <types:payload type="auto_2eb1ec26-e820-4234-b677-24ab3388e6c0_Output-Payload"/>
          <types:attributes type="auto_2eb1ec26-e820-4234-b677-24ab3388e6c0_Output-Attributes"/>
        </types:message>
        <types:variables>
          <types:variable name="outboundHeaders" type="auto_2eb1ec26-e820-4234-b677-24ab3388e6c0_Output-Variables-outboundHeaders"/>
          <types:variable name="httpStatus" type="auto_2eb1ec26-e820-4234-b677-24ab3388e6c0_Output-Variables-httpStatus"/>
        </types:variables>
      </types:output-event>
    </types:processor-declaration>
  </types:enrichment>
  <types:enrichment select="#b64e7b5a-4c13-4ed5-8751-5a52e1329279">
    <types:processor-declaration>
      <types:input-event>
        <types:message>
          <types:payload type="auto_b64e7b5a-4c13-4ed5-8751-5a52e1329279_Input-Payload"/>
          <types:attributes type="auto_b64e7b5a-4c13-4ed5-8751-5a52e1329279_Input-Attributes"/>
        </types:message>
        <types:variables>
          <types:variable name="outboundHeaders" type="auto_b64e7b5a-4c13-4ed5-8751-5a52e1329279_Input-Variables-outboundHeaders"/>
          <types:variable name="httpStatus" type="auto_b64e7b5a-4c13-4ed5-8751-5a52e1329279_Input-Variables-httpStatus"/>
        </types:variables>
      </types:input-event>
      <types:output-event>
        <types:message>
          <types:payload type="auto_b64e7b5a-4c13-4ed5-8751-5a52e1329279_Output-Payload"/>
          <types:attributes type="auto_b64e7b5a-4c13-4ed5-8751-5a52e1329279_Output-Attributes"/>
        </types:message>
        <types:variables>
          <types:variable name="outboundHeaders" type="auto_b64e7b5a-4c13-4ed5-8751-5a52e1329279_Output-Variables-outboundHeaders"/>
          <types:variable name="httpStatus" type="auto_b64e7b5a-4c13-4ed5-8751-5a52e1329279_Output-Variables-httpStatus"/>
        </types:variables>
      </types:output-event>
    </types:processor-declaration>
  </types:enrichment>
  <types:enrichment select="#8073c538-049d-48db-bb50-6db133bbaa97">
    <types:processor-declaration>
      <types:input-event>
        <types:message>
          <types:payload type="auto_8073c538-049d-48db-bb50-6db133bbaa97_Input-Payload"/>
          <types:attributes type="auto_8073c538-049d-48db-bb50-6db133bbaa97_Input-Attributes"/>
        </types:message>
        <types:variables>
          <types:variable name="outboundHeaders" type="auto_8073c538-049d-48db-bb50-6db133bbaa97_Input-Variables-outboundHeaders"/>
          <types:variable name="httpStatus" type="auto_8073c538-049d-48db-bb50-6db133bbaa97_Input-Variables-httpStatus"/>
        </types:variables>
      </types:input-event>
      <types:output-event>
        <types:message>
          <types:payload type="auto_8073c538-049d-48db-bb50-6db133bbaa97_Output-Payload"/>
          <types:attributes type="auto_8073c538-049d-48db-bb50-6db133bbaa97_Output-Attributes"/>
        </types:message>
        <types:variables>
          <types:variable name="outboundHeaders" type="auto_8073c538-049d-48db-bb50-6db133bbaa97_Output-Variables-outboundHeaders"/>
          <types:variable name="httpStatus" type="auto_8073c538-049d-48db-bb50-6db133bbaa97_Output-Variables-httpStatus"/>
        </types:variables>
      </types:output-event>
    </types:processor-declaration>
  </types:enrichment>
</types:mule>