<?xml version='1.0' encoding='UTF-8'?>
<types:mule xmlns:types="http://www.mulesoft.org/schema/mule/types">
  <types:catalog>
    <types:type name="auto_d2a45d35-d3f3-4233-a3f3-662caf6fc535_Input-Payload" format="java">
      <types:shape format="weave" example="weave/autogenerated/d2a45d35-d3f3-4233-a3f3-662caf6fc535/Input-Payload.wev" autogeneratedOrigin="c7c9d0dc-7754-4b7c-878e-a859574ed188"><![CDATA[%dw 2.0

type auto_d2a45d35_d3f3_4233_a3f3_662caf6fc535_Input_Payload = Any

]]></types:shape>
    </types:type>
    <types:type name="auto_d2a45d35-d3f3-4233-a3f3-662caf6fc535_Input-Attributes" format="java">
      <types:shape format="weave" example="weave/autogenerated/d2a45d35-d3f3-4233-a3f3-662caf6fc535/Input-Attributes.wev" autogeneratedOrigin="c7c9d0dc-7754-4b7c-878e-a859574ed188"><![CDATA[%dw 2.0

type auto_d2a45d35_d3f3_4233_a3f3_662caf6fc535_Input_Attributes = {|
  listenerPath: String, 
  rawRequestPath: String, 
  relativePath: String, 
  maskedRequestPath: String, 
  version: String, 
  scheme: String, 
  method: String, 
  requestUri: String, 
  rawRequestUri: String, 
  queryString: String, 
  localAddress: String, 
  remoteAddress: String, 
  clientCertificate?: java_security_cert_Certificate, 
  queryParams: { _?: String }, 
  uriParams: { _?: String }, 
  requestPath: String, 
  headers: { _?: String }
|} {"typeAlias": "HttpRequestAttributes",
"typeId": "org.mule.extension.http.api.HttpRequestAttributes"}
type java_security_cert_Certificate = {|
  encoded?: Binary, 
  publicKey?: java_security_PublicKey, 
  "type"?: String
|} {"typeAlias": "Certificate",
"typeId": "java.security.cert.Certificate"}
type java_security_PublicKey = {|  |} {"typeAlias": "PublicKey",
"typeId": "java.security.PublicKey"}





]]></types:shape>
    </types:type>
    <types:type name="auto_d2a45d35-d3f3-4233-a3f3-662caf6fc535_Output-Payload" format="java">
      <types:shape format="weave" example="weave/autogenerated/d2a45d35-d3f3-4233-a3f3-662caf6fc535/Output-Payload.wev" autogeneratedOrigin="c7c9d0dc-7754-4b7c-878e-a859574ed188"><![CDATA[%dw 2.0

type auto_d2a45d35_d3f3_4233_a3f3_662caf6fc535_Output_Payload = Any

]]></types:shape>
    </types:type>
    <types:type name="auto_d2a45d35-d3f3-4233-a3f3-662caf6fc535_Output-Attributes" format="java">
      <types:shape format="weave" example="weave/autogenerated/d2a45d35-d3f3-4233-a3f3-662caf6fc535/Output-Attributes.wev" autogeneratedOrigin="c7c9d0dc-7754-4b7c-878e-a859574ed188"><![CDATA[%dw 2.0

type auto_d2a45d35_d3f3_4233_a3f3_662caf6fc535_Output_Attributes = {|
  statusCode: Number, 
  reasonPhrase: String, 
  headers: { _?: String }
|} {"typeAlias": "HttpResponseAttributes",
"typeId": "org.mule.extension.http.api.HttpResponseAttributes"}

]]></types:shape>
    </types:type>
    <types:type name="auto_4b2c1ae0-7d9e-4176-989f-375600774574_Input-Payload" format="json">
      <types:shape format="weave" example="weave/autogenerated/4b2c1ae0-7d9e-4176-989f-375600774574/Input-Payload.wev" autogeneratedOrigin="30802942-84f0-4a5b-978e-83ae22fe9a77"><![CDATA[%dw 2.0

type auto_4b2c1ae0_7d9e_4176_989f_375600774574_Input_Payload = {
  message: String, 
  _?: Any
}

]]></types:shape>
    </types:type>
    <types:type name="auto_4b2c1ae0-7d9e-4176-989f-375600774574_Input-Attributes" format="java">
      <types:shape format="weave" example="weave/autogenerated/4b2c1ae0-7d9e-4176-989f-375600774574/Input-Attributes.wev" autogeneratedOrigin="30802942-84f0-4a5b-978e-83ae22fe9a77"><![CDATA[%dw 2.0

type auto_4b2c1ae0_7d9e_4176_989f_375600774574_Input_Attributes = {|
  clientCertificate?: {|
    publicKey?: {|  |}, 
    "type"?: String, 
    encoded?: Binary
  |}, 
  headers: {|  |}, 
  listenerPath: String, 
  method: String, 
  queryParams: {|
    HospitalName: String, 
    city: String, 
    flag?: String
  |}, 
  queryString: String, 
  relativePath: String, 
  remoteAddress: String, 
  requestPath: String, 
  requestUri: String, 
  scheme: String, 
  uriParams: {|  |}, 
  version: String, 
  localAddress: String
|}

]]></types:shape>
    </types:type>
    <types:type name="auto_4b2c1ae0-7d9e-4176-989f-375600774574_Input-Variables-outboundHeaders" format="java">
      <types:shape format="weave" example="weave/autogenerated/4b2c1ae0-7d9e-4176-989f-375600774574/Input-Variables-outboundHeaders.wev" autogeneratedOrigin="30802942-84f0-4a5b-978e-83ae22fe9a77"><![CDATA[%dw 2.0

type auto_4b2c1ae0_7d9e_4176_989f_375600774574_Input_Variables_outboundHeaders = {|  |}

]]></types:shape>
    </types:type>
    <types:type name="auto_4b2c1ae0-7d9e-4176-989f-375600774574_Input-Variables-httpStatus" format="java">
      <types:shape format="raml" autogeneratedOrigin="30802942-84f0-4a5b-978e-83ae22fe9a77"><![CDATA[#%RAML 1.0 DataType
type: string]]></types:shape>
    </types:type>
    <types:type name="auto_4b2c1ae0-7d9e-4176-989f-375600774574_Output-Payload" format="json">
      <types:shape format="weave" example="weave/autogenerated/4b2c1ae0-7d9e-4176-989f-375600774574/Output-Payload.wev" autogeneratedOrigin="30802942-84f0-4a5b-978e-83ae22fe9a77"><![CDATA[%dw 2.0

type auto_4b2c1ae0_7d9e_4176_989f_375600774574_Output_Payload = {
  message: String, 
  _?: Any
}

]]></types:shape>
    </types:type>
    <types:type name="auto_4b2c1ae0-7d9e-4176-989f-375600774574_Output-Attributes" format="java">
      <types:shape format="weave" example="weave/autogenerated/4b2c1ae0-7d9e-4176-989f-375600774574/Output-Attributes.wev" autogeneratedOrigin="30802942-84f0-4a5b-978e-83ae22fe9a77"><![CDATA[%dw 2.0

type auto_4b2c1ae0_7d9e_4176_989f_375600774574_Output_Attributes = {|
  clientCertificate?: {|
    publicKey?: {|  |}, 
    "type"?: String, 
    encoded?: Binary
  |}, 
  headers: {|  |}, 
  listenerPath: String, 
  method: String, 
  queryParams: {|
    HospitalName: String, 
    city: String, 
    flag?: String
  |}, 
  queryString: String, 
  relativePath: String, 
  remoteAddress: String, 
  requestPath: String, 
  requestUri: String, 
  scheme: String, 
  uriParams: {|  |}, 
  version: String, 
  localAddress: String
|}

]]></types:shape>
    </types:type>
    <types:type name="auto_4b2c1ae0-7d9e-4176-989f-375600774574_Output-Variables-outboundHeaders" format="java">
      <types:shape format="weave" example="weave/autogenerated/4b2c1ae0-7d9e-4176-989f-375600774574/Output-Variables-outboundHeaders.wev" autogeneratedOrigin="30802942-84f0-4a5b-978e-83ae22fe9a77"><![CDATA[%dw 2.0

type auto_4b2c1ae0_7d9e_4176_989f_375600774574_Output_Variables_outboundHeaders = {|  |}

]]></types:shape>
    </types:type>
    <types:type name="auto_4b2c1ae0-7d9e-4176-989f-375600774574_Output-Variables-httpStatus" format="java">
      <types:shape format="raml" autogeneratedOrigin="30802942-84f0-4a5b-978e-83ae22fe9a77"><![CDATA[#%RAML 1.0 DataType
type: string]]></types:shape>
    </types:type>
    <types:type name="auto_538ebbda-95e5-43ee-9ce5-6c1e1eca0b31_Input-Payload" format="json">
      <types:shape format="weave" example="weave/autogenerated/538ebbda-95e5-43ee-9ce5-6c1e1eca0b31/Input-Payload.wev" autogeneratedOrigin="9d9aab58-fee6-4589-acfb-8d7f927a4915"><![CDATA[%dw 2.0

type auto_538ebbda_95e5_43ee_9ce5_6c1e1eca0b31_Input_Payload = {
  message: String, 
  _?: Any
}

]]></types:shape>
    </types:type>
    <types:type name="auto_538ebbda-95e5-43ee-9ce5-6c1e1eca0b31_Input-Attributes" format="java">
      <types:shape format="weave" example="weave/autogenerated/538ebbda-95e5-43ee-9ce5-6c1e1eca0b31/Input-Attributes.wev" autogeneratedOrigin="9d9aab58-fee6-4589-acfb-8d7f927a4915"><![CDATA[%dw 2.0

type auto_538ebbda_95e5_43ee_9ce5_6c1e1eca0b31_Input_Attributes = {|
  clientCertificate?: {|
    publicKey?: {|  |}, 
    "type"?: String, 
    encoded?: Binary
  |}, 
  headers: {|  |}, 
  listenerPath: String, 
  method: String, 
  queryParams: {|
    HospitalName: String, 
    city: String, 
    flag?: String
  |}, 
  queryString: String, 
  relativePath: String, 
  remoteAddress: String, 
  requestPath: String, 
  requestUri: String, 
  scheme: String, 
  uriParams: {|  |}, 
  version: String, 
  localAddress: String
|}

]]></types:shape>
    </types:type>
    <types:type name="auto_538ebbda-95e5-43ee-9ce5-6c1e1eca0b31_Input-Variables-outboundHeaders" format="java">
      <types:shape format="weave" example="weave/autogenerated/538ebbda-95e5-43ee-9ce5-6c1e1eca0b31/Input-Variables-outboundHeaders.wev" autogeneratedOrigin="9d9aab58-fee6-4589-acfb-8d7f927a4915"><![CDATA[%dw 2.0

type auto_538ebbda_95e5_43ee_9ce5_6c1e1eca0b31_Input_Variables_outboundHeaders = {|  |}

]]></types:shape>
    </types:type>
    <types:type name="auto_538ebbda-95e5-43ee-9ce5-6c1e1eca0b31_Input-Variables-httpStatus" format="java">
      <types:shape format="raml" autogeneratedOrigin="9d9aab58-fee6-4589-acfb-8d7f927a4915"><![CDATA[#%RAML 1.0 DataType
type: string]]></types:shape>
    </types:type>
    <types:type name="auto_538ebbda-95e5-43ee-9ce5-6c1e1eca0b31_Output-Payload" format="json">
      <types:shape format="weave" example="weave/autogenerated/538ebbda-95e5-43ee-9ce5-6c1e1eca0b31/Output-Payload.wev" autogeneratedOrigin="9d9aab58-fee6-4589-acfb-8d7f927a4915"><![CDATA[%dw 2.0

type auto_538ebbda_95e5_43ee_9ce5_6c1e1eca0b31_Output_Payload = {
  message: String, 
  _?: Any
}

]]></types:shape>
    </types:type>
    <types:type name="auto_538ebbda-95e5-43ee-9ce5-6c1e1eca0b31_Output-Attributes" format="java">
      <types:shape format="weave" example="weave/autogenerated/538ebbda-95e5-43ee-9ce5-6c1e1eca0b31/Output-Attributes.wev" autogeneratedOrigin="9d9aab58-fee6-4589-acfb-8d7f927a4915"><![CDATA[%dw 2.0

type auto_538ebbda_95e5_43ee_9ce5_6c1e1eca0b31_Output_Attributes = {|
  clientCertificate?: {|
    publicKey?: {|  |}, 
    "type"?: String, 
    encoded?: Binary
  |}, 
  headers: {|  |}, 
  listenerPath: String, 
  method: String, 
  queryParams: {|
    HospitalName: String, 
    city: String, 
    flag?: String
  |}, 
  queryString: String, 
  relativePath: String, 
  remoteAddress: String, 
  requestPath: String, 
  requestUri: String, 
  scheme: String, 
  uriParams: {|  |}, 
  version: String, 
  localAddress: String
|}

]]></types:shape>
    </types:type>
    <types:type name="auto_538ebbda-95e5-43ee-9ce5-6c1e1eca0b31_Output-Variables-outboundHeaders" format="java">
      <types:shape format="weave" example="weave/autogenerated/538ebbda-95e5-43ee-9ce5-6c1e1eca0b31/Output-Variables-outboundHeaders.wev" autogeneratedOrigin="9d9aab58-fee6-4589-acfb-8d7f927a4915"><![CDATA[%dw 2.0

type auto_538ebbda_95e5_43ee_9ce5_6c1e1eca0b31_Output_Variables_outboundHeaders = {|  |}

]]></types:shape>
    </types:type>
    <types:type name="auto_538ebbda-95e5-43ee-9ce5-6c1e1eca0b31_Output-Variables-httpStatus" format="java">
      <types:shape format="raml" autogeneratedOrigin="9d9aab58-fee6-4589-acfb-8d7f927a4915"><![CDATA[#%RAML 1.0 DataType
type: string]]></types:shape>
    </types:type>
    <types:type name="auto_f5a300ac-92cf-4eba-a777-1937a0f19a15_Input-Payload" format="json">
      <types:shape format="weave" example="weave/autogenerated/f5a300ac-92cf-4eba-a777-1937a0f19a15/Input-Payload.wev" autogeneratedOrigin="9918ca78-1007-4cff-84c2-18f47797b691"><![CDATA[%dw 2.0

type auto_f5a300ac_92cf_4eba_a777_1937a0f19a15_Input_Payload = {
  message: String, 
  _?: Any
}

]]></types:shape>
    </types:type>
    <types:type name="auto_f5a300ac-92cf-4eba-a777-1937a0f19a15_Input-Attributes" format="java">
      <types:shape format="weave" example="weave/autogenerated/f5a300ac-92cf-4eba-a777-1937a0f19a15/Input-Attributes.wev" autogeneratedOrigin="9918ca78-1007-4cff-84c2-18f47797b691"><![CDATA[%dw 2.0

type auto_f5a300ac_92cf_4eba_a777_1937a0f19a15_Input_Attributes = {|
  clientCertificate?: {|
    publicKey?: {|  |}, 
    "type"?: String, 
    encoded?: Binary
  |}, 
  headers: {|  |}, 
  listenerPath: String, 
  method: String, 
  queryParams: {|
    HospitalName: String, 
    city: String, 
    flag?: String
  |}, 
  queryString: String, 
  relativePath: String, 
  remoteAddress: String, 
  requestPath: String, 
  requestUri: String, 
  scheme: String, 
  uriParams: {|  |}, 
  version: String, 
  localAddress: String
|}

]]></types:shape>
    </types:type>
    <types:type name="auto_f5a300ac-92cf-4eba-a777-1937a0f19a15_Input-Variables-outboundHeaders" format="java">
      <types:shape format="weave" example="weave/autogenerated/f5a300ac-92cf-4eba-a777-1937a0f19a15/Input-Variables-outboundHeaders.wev" autogeneratedOrigin="9918ca78-1007-4cff-84c2-18f47797b691"><![CDATA[%dw 2.0

type auto_f5a300ac_92cf_4eba_a777_1937a0f19a15_Input_Variables_outboundHeaders = {|  |}

]]></types:shape>
    </types:type>
    <types:type name="auto_f5a300ac-92cf-4eba-a777-1937a0f19a15_Input-Variables-httpStatus" format="java">
      <types:shape format="raml" autogeneratedOrigin="9918ca78-1007-4cff-84c2-18f47797b691"><![CDATA[#%RAML 1.0 DataType
type: string]]></types:shape>
    </types:type>
    <types:type name="auto_f5a300ac-92cf-4eba-a777-1937a0f19a15_Output-Payload" format="json">
      <types:shape format="weave" example="weave/autogenerated/f5a300ac-92cf-4eba-a777-1937a0f19a15/Output-Payload.wev" autogeneratedOrigin="9918ca78-1007-4cff-84c2-18f47797b691"><![CDATA[%dw 2.0

type auto_f5a300ac_92cf_4eba_a777_1937a0f19a15_Output_Payload = {
  message: String, 
  _?: Any
}

]]></types:shape>
    </types:type>
    <types:type name="auto_f5a300ac-92cf-4eba-a777-1937a0f19a15_Output-Attributes" format="java">
      <types:shape format="weave" example="weave/autogenerated/f5a300ac-92cf-4eba-a777-1937a0f19a15/Output-Attributes.wev" autogeneratedOrigin="9918ca78-1007-4cff-84c2-18f47797b691"><![CDATA[%dw 2.0

type auto_f5a300ac_92cf_4eba_a777_1937a0f19a15_Output_Attributes = {|
  clientCertificate?: {|
    publicKey?: {|  |}, 
    "type"?: String, 
    encoded?: Binary
  |}, 
  headers: {|  |}, 
  listenerPath: String, 
  method: String, 
  queryParams: {|
    HospitalName: String, 
    city: String, 
    flag?: String
  |}, 
  queryString: String, 
  relativePath: String, 
  remoteAddress: String, 
  requestPath: String, 
  requestUri: String, 
  scheme: String, 
  uriParams: {|  |}, 
  version: String, 
  localAddress: String
|}

]]></types:shape>
    </types:type>
    <types:type name="auto_f5a300ac-92cf-4eba-a777-1937a0f19a15_Output-Variables-outboundHeaders" format="java">
      <types:shape format="weave" example="weave/autogenerated/f5a300ac-92cf-4eba-a777-1937a0f19a15/Output-Variables-outboundHeaders.wev" autogeneratedOrigin="9918ca78-1007-4cff-84c2-18f47797b691"><![CDATA[%dw 2.0

type auto_f5a300ac_92cf_4eba_a777_1937a0f19a15_Output_Variables_outboundHeaders = {|  |}

]]></types:shape>
    </types:type>
    <types:type name="auto_f5a300ac-92cf-4eba-a777-1937a0f19a15_Output-Variables-httpStatus" format="java">
      <types:shape format="raml" autogeneratedOrigin="9918ca78-1007-4cff-84c2-18f47797b691"><![CDATA[#%RAML 1.0 DataType
type: string]]></types:shape>
    </types:type>
    <types:type name="auto_0c3ff1a5-63f6-4a45-8d35-3074c4019dde_Input-Payload" format="json">
      <types:shape format="weave" example="weave/autogenerated/0c3ff1a5-63f6-4a45-8d35-3074c4019dde/Input-Payload.wev" autogeneratedOrigin="af2818c1-85dd-4da8-8aa5-31686bfe6241"><![CDATA[%dw 2.0

type auto_0c3ff1a5_63f6_4a45_8d35_3074c4019dde_Input_Payload = {
  message: String, 
  _?: Any
}

]]></types:shape>
    </types:type>
    <types:type name="auto_0c3ff1a5-63f6-4a45-8d35-3074c4019dde_Input-Attributes" format="java">
      <types:shape format="weave" example="weave/autogenerated/0c3ff1a5-63f6-4a45-8d35-3074c4019dde/Input-Attributes.wev" autogeneratedOrigin="af2818c1-85dd-4da8-8aa5-31686bfe6241"><![CDATA[%dw 2.0

type auto_0c3ff1a5_63f6_4a45_8d35_3074c4019dde_Input_Attributes = {|
  clientCertificate?: {|
    publicKey?: {|  |}, 
    "type"?: String, 
    encoded?: Binary
  |}, 
  headers: {|  |}, 
  listenerPath: String, 
  method: String, 
  queryParams: {|
    HospitalName: String, 
    city: String, 
    flag?: String
  |}, 
  queryString: String, 
  relativePath: String, 
  remoteAddress: String, 
  requestPath: String, 
  requestUri: String, 
  scheme: String, 
  uriParams: {|  |}, 
  version: String, 
  localAddress: String
|}

]]></types:shape>
    </types:type>
    <types:type name="auto_0c3ff1a5-63f6-4a45-8d35-3074c4019dde_Input-Variables-outboundHeaders" format="java">
      <types:shape format="weave" example="weave/autogenerated/0c3ff1a5-63f6-4a45-8d35-3074c4019dde/Input-Variables-outboundHeaders.wev" autogeneratedOrigin="af2818c1-85dd-4da8-8aa5-31686bfe6241"><![CDATA[%dw 2.0

type auto_0c3ff1a5_63f6_4a45_8d35_3074c4019dde_Input_Variables_outboundHeaders = {|  |}

]]></types:shape>
    </types:type>
    <types:type name="auto_0c3ff1a5-63f6-4a45-8d35-3074c4019dde_Input-Variables-httpStatus" format="java">
      <types:shape format="raml" autogeneratedOrigin="af2818c1-85dd-4da8-8aa5-31686bfe6241"><![CDATA[#%RAML 1.0 DataType
type: string]]></types:shape>
    </types:type>
    <types:type name="auto_0c3ff1a5-63f6-4a45-8d35-3074c4019dde_Output-Payload" format="json">
      <types:shape format="weave" example="weave/autogenerated/0c3ff1a5-63f6-4a45-8d35-3074c4019dde/Output-Payload.wev" autogeneratedOrigin="af2818c1-85dd-4da8-8aa5-31686bfe6241"><![CDATA[%dw 2.0

type auto_0c3ff1a5_63f6_4a45_8d35_3074c4019dde_Output_Payload = {
  message: String, 
  _?: Any
}

]]></types:shape>
    </types:type>
    <types:type name="auto_0c3ff1a5-63f6-4a45-8d35-3074c4019dde_Output-Attributes" format="java">
      <types:shape format="weave" example="weave/autogenerated/0c3ff1a5-63f6-4a45-8d35-3074c4019dde/Output-Attributes.wev" autogeneratedOrigin="af2818c1-85dd-4da8-8aa5-31686bfe6241"><![CDATA[%dw 2.0

type auto_0c3ff1a5_63f6_4a45_8d35_3074c4019dde_Output_Attributes = {|
  clientCertificate?: {|
    publicKey?: {|  |}, 
    "type"?: String, 
    encoded?: Binary
  |}, 
  headers: {|  |}, 
  listenerPath: String, 
  method: String, 
  queryParams: {|
    HospitalName: String, 
    city: String, 
    flag?: String
  |}, 
  queryString: String, 
  relativePath: String, 
  remoteAddress: String, 
  requestPath: String, 
  requestUri: String, 
  scheme: String, 
  uriParams: {|  |}, 
  version: String, 
  localAddress: String
|}

]]></types:shape>
    </types:type>
    <types:type name="auto_0c3ff1a5-63f6-4a45-8d35-3074c4019dde_Output-Variables-outboundHeaders" format="java">
      <types:shape format="weave" example="weave/autogenerated/0c3ff1a5-63f6-4a45-8d35-3074c4019dde/Output-Variables-outboundHeaders.wev" autogeneratedOrigin="af2818c1-85dd-4da8-8aa5-31686bfe6241"><![CDATA[%dw 2.0

type auto_0c3ff1a5_63f6_4a45_8d35_3074c4019dde_Output_Variables_outboundHeaders = {|  |}

]]></types:shape>
    </types:type>
    <types:type name="auto_0c3ff1a5-63f6-4a45-8d35-3074c4019dde_Output-Variables-httpStatus" format="java">
      <types:shape format="raml" autogeneratedOrigin="af2818c1-85dd-4da8-8aa5-31686bfe6241"><![CDATA[#%RAML 1.0 DataType
type: string]]></types:shape>
    </types:type>
  </types:catalog>
  <types:enrichment select="#d2a45d35-d3f3-4233-a3f3-662caf6fc535">
    <types:processor-declaration>
      <types:input-event>
        <types:message>
          <types:payload type="auto_d2a45d35-d3f3-4233-a3f3-662caf6fc535_Input-Payload"/>
          <types:attributes type="auto_d2a45d35-d3f3-4233-a3f3-662caf6fc535_Input-Attributes"/>
        </types:message>
      </types:input-event>
      <types:output-event>
        <types:message>
          <types:payload type="auto_d2a45d35-d3f3-4233-a3f3-662caf6fc535_Output-Payload"/>
          <types:attributes type="auto_d2a45d35-d3f3-4233-a3f3-662caf6fc535_Output-Attributes"/>
        </types:message>
      </types:output-event>
    </types:processor-declaration>
  </types:enrichment>
  <types:enrichment select="#4b2c1ae0-7d9e-4176-989f-375600774574">
    <types:processor-declaration>
      <types:input-event>
        <types:message>
          <types:payload type="auto_4b2c1ae0-7d9e-4176-989f-375600774574_Input-Payload"/>
          <types:attributes type="auto_4b2c1ae0-7d9e-4176-989f-375600774574_Input-Attributes"/>
        </types:message>
        <types:variables>
          <types:variable name="outboundHeaders" type="auto_4b2c1ae0-7d9e-4176-989f-375600774574_Input-Variables-outboundHeaders"/>
          <types:variable name="httpStatus" type="auto_4b2c1ae0-7d9e-4176-989f-375600774574_Input-Variables-httpStatus"/>
        </types:variables>
      </types:input-event>
      <types:output-event>
        <types:message>
          <types:payload type="auto_4b2c1ae0-7d9e-4176-989f-375600774574_Output-Payload"/>
          <types:attributes type="auto_4b2c1ae0-7d9e-4176-989f-375600774574_Output-Attributes"/>
        </types:message>
        <types:variables>
          <types:variable name="outboundHeaders" type="auto_4b2c1ae0-7d9e-4176-989f-375600774574_Output-Variables-outboundHeaders"/>
          <types:variable name="httpStatus" type="auto_4b2c1ae0-7d9e-4176-989f-375600774574_Output-Variables-httpStatus"/>
        </types:variables>
      </types:output-event>
    </types:processor-declaration>
  </types:enrichment>
  <types:enrichment select="#538ebbda-95e5-43ee-9ce5-6c1e1eca0b31">
    <types:processor-declaration>
      <types:input-event>
        <types:message>
          <types:payload type="auto_538ebbda-95e5-43ee-9ce5-6c1e1eca0b31_Input-Payload"/>
          <types:attributes type="auto_538ebbda-95e5-43ee-9ce5-6c1e1eca0b31_Input-Attributes"/>
        </types:message>
        <types:variables>
          <types:variable name="outboundHeaders" type="auto_538ebbda-95e5-43ee-9ce5-6c1e1eca0b31_Input-Variables-outboundHeaders"/>
          <types:variable name="httpStatus" type="auto_538ebbda-95e5-43ee-9ce5-6c1e1eca0b31_Input-Variables-httpStatus"/>
        </types:variables>
      </types:input-event>
      <types:output-event>
        <types:message>
          <types:payload type="auto_538ebbda-95e5-43ee-9ce5-6c1e1eca0b31_Output-Payload"/>
          <types:attributes type="auto_538ebbda-95e5-43ee-9ce5-6c1e1eca0b31_Output-Attributes"/>
        </types:message>
        <types:variables>
          <types:variable name="outboundHeaders" type="auto_538ebbda-95e5-43ee-9ce5-6c1e1eca0b31_Output-Variables-outboundHeaders"/>
          <types:variable name="httpStatus" type="auto_538ebbda-95e5-43ee-9ce5-6c1e1eca0b31_Output-Variables-httpStatus"/>
        </types:variables>
      </types:output-event>
    </types:processor-declaration>
  </types:enrichment>
  <types:enrichment select="#f5a300ac-92cf-4eba-a777-1937a0f19a15">
    <types:processor-declaration>
      <types:input-event>
        <types:message>
          <types:payload type="auto_f5a300ac-92cf-4eba-a777-1937a0f19a15_Input-Payload"/>
          <types:attributes type="auto_f5a300ac-92cf-4eba-a777-1937a0f19a15_Input-Attributes"/>
        </types:message>
        <types:variables>
          <types:variable name="outboundHeaders" type="auto_f5a300ac-92cf-4eba-a777-1937a0f19a15_Input-Variables-outboundHeaders"/>
          <types:variable name="httpStatus" type="auto_f5a300ac-92cf-4eba-a777-1937a0f19a15_Input-Variables-httpStatus"/>
        </types:variables>
      </types:input-event>
      <types:output-event>
        <types:message>
          <types:payload type="auto_f5a300ac-92cf-4eba-a777-1937a0f19a15_Output-Payload"/>
          <types:attributes type="auto_f5a300ac-92cf-4eba-a777-1937a0f19a15_Output-Attributes"/>
        </types:message>
        <types:variables>
          <types:variable name="outboundHeaders" type="auto_f5a300ac-92cf-4eba-a777-1937a0f19a15_Output-Variables-outboundHeaders"/>
          <types:variable name="httpStatus" type="auto_f5a300ac-92cf-4eba-a777-1937a0f19a15_Output-Variables-httpStatus"/>
        </types:variables>
      </types:output-event>
    </types:processor-declaration>
  </types:enrichment>
  <types:enrichment select="#0c3ff1a5-63f6-4a45-8d35-3074c4019dde">
    <types:processor-declaration>
      <types:input-event>
        <types:message>
          <types:payload type="auto_0c3ff1a5-63f6-4a45-8d35-3074c4019dde_Input-Payload"/>
          <types:attributes type="auto_0c3ff1a5-63f6-4a45-8d35-3074c4019dde_Input-Attributes"/>
        </types:message>
        <types:variables>
          <types:variable name="outboundHeaders" type="auto_0c3ff1a5-63f6-4a45-8d35-3074c4019dde_Input-Variables-outboundHeaders"/>
          <types:variable name="httpStatus" type="auto_0c3ff1a5-63f6-4a45-8d35-3074c4019dde_Input-Variables-httpStatus"/>
        </types:variables>
      </types:input-event>
      <types:output-event>
        <types:message>
          <types:payload type="auto_0c3ff1a5-63f6-4a45-8d35-3074c4019dde_Output-Payload"/>
          <types:attributes type="auto_0c3ff1a5-63f6-4a45-8d35-3074c4019dde_Output-Attributes"/>
        </types:message>
        <types:variables>
          <types:variable name="outboundHeaders" type="auto_0c3ff1a5-63f6-4a45-8d35-3074c4019dde_Output-Variables-outboundHeaders"/>
          <types:variable name="httpStatus" type="auto_0c3ff1a5-63f6-4a45-8d35-3074c4019dde_Output-Variables-httpStatus"/>
        </types:variables>
      </types:output-event>
    </types:processor-declaration>
  </types:enrichment>
</types:mule>