<?xml version='1.0' encoding='UTF-8'?>
<types:mule xmlns:types="http://www.mulesoft.org/schema/mule/types">
  <types:catalog>
    <types:type name="auto_abaf480c-985a-4a18-a889-603c9ad9625f_Input-Payload" format="java">
      <types:shape format="weave" example="weave/autogenerated/abaf480c-985a-4a18-a889-603c9ad9625f/Input-Payload.wev" autogeneratedOrigin="bacfc4df-98ee-43e4-8518-7a73fe0779ca"><![CDATA[%dw 2.0

type auto_abaf480c_985a_4a18_a889_603c9ad9625f_Input_Payload = Any

]]></types:shape>
    </types:type>
    <types:type name="auto_abaf480c-985a-4a18-a889-603c9ad9625f_Input-Attributes" format="java">
      <types:shape format="weave" example="weave/autogenerated/abaf480c-985a-4a18-a889-603c9ad9625f/Input-Attributes.wev" autogeneratedOrigin="bacfc4df-98ee-43e4-8518-7a73fe0779ca"><![CDATA[%dw 2.0

type auto_abaf480c_985a_4a18_a889_603c9ad9625f_Input_Attributes = {|
  clientCertificate?: {|
    publicKey?: {|  |}, 
    "type"?: String, 
    encoded?: Binary
  |}, 
  headers: {|  |}, 
  listenerPath: String, 
  method: String, 
  queryParams: {|  |}, 
  queryString: String, 
  relativePath: String, 
  remoteAddress: String, 
  requestPath: String, 
  requestUri: String, 
  scheme: String, 
  uriParams: {| OperationCost: String |}, 
  version: String, 
  localAddress: String
|}

]]></types:shape>
    </types:type>
    <types:type name="auto_abaf480c-985a-4a18-a889-603c9ad9625f_Input-Variables-outboundHeaders" format="java">
      <types:shape format="weave" example="weave/autogenerated/abaf480c-985a-4a18-a889-603c9ad9625f/Input-Variables-outboundHeaders.wev" autogeneratedOrigin="bacfc4df-98ee-43e4-8518-7a73fe0779ca"><![CDATA[%dw 2.0

type auto_abaf480c_985a_4a18_a889_603c9ad9625f_Input_Variables_outboundHeaders = {|  |}

]]></types:shape>
    </types:type>
    <types:type name="auto_abaf480c-985a-4a18-a889-603c9ad9625f_Input-Variables-httpStatus" format="java">
      <types:shape format="raml" autogeneratedOrigin="bacfc4df-98ee-43e4-8518-7a73fe0779ca"><![CDATA[#%RAML 1.0 DataType
type: string]]></types:shape>
    </types:type>
    <types:type name="auto_abaf480c-985a-4a18-a889-603c9ad9625f_Output-Payload" format="json">
      <types:shape format="weave" example="weave/autogenerated/abaf480c-985a-4a18-a889-603c9ad9625f/Output-Payload.wev" autogeneratedOrigin="bacfc4df-98ee-43e4-8518-7a73fe0779ca"><![CDATA[%dw 2.0

type auto_abaf480c_985a_4a18_a889_603c9ad9625f_Output_Payload = Any

]]></types:shape>
    </types:type>
    <types:type name="auto_abaf480c-985a-4a18-a889-603c9ad9625f_Output-Attributes" format="java">
      <types:shape format="weave" example="weave/autogenerated/abaf480c-985a-4a18-a889-603c9ad9625f/Output-Attributes.wev" autogeneratedOrigin="bacfc4df-98ee-43e4-8518-7a73fe0779ca"><![CDATA[%dw 2.0

type auto_abaf480c_985a_4a18_a889_603c9ad9625f_Output_Attributes = Null

]]></types:shape>
    </types:type>
    <types:type name="auto_abaf480c-985a-4a18-a889-603c9ad9625f_Output-Variables-outboundHeaders" format="java">
      <types:shape format="weave" example="weave/autogenerated/abaf480c-985a-4a18-a889-603c9ad9625f/Output-Variables-outboundHeaders.wev" autogeneratedOrigin="bacfc4df-98ee-43e4-8518-7a73fe0779ca"><![CDATA[%dw 2.0

type auto_abaf480c_985a_4a18_a889_603c9ad9625f_Output_Variables_outboundHeaders = {|  |}

]]></types:shape>
    </types:type>
    <types:type name="auto_abaf480c-985a-4a18-a889-603c9ad9625f_Output-Variables-httpStatus" format="java">
      <types:shape format="raml" autogeneratedOrigin="bacfc4df-98ee-43e4-8518-7a73fe0779ca"><![CDATA[#%RAML 1.0 DataType
type: string]]></types:shape>
    </types:type>
  </types:catalog>
  <types:enrichment select="#abaf480c-985a-4a18-a889-603c9ad9625f">
    <types:processor-declaration>
      <types:input-event>
        <types:message>
          <types:payload type="auto_abaf480c-985a-4a18-a889-603c9ad9625f_Input-Payload"/>
          <types:attributes type="auto_abaf480c-985a-4a18-a889-603c9ad9625f_Input-Attributes"/>
        </types:message>
        <types:variables>
          <types:variable name="outboundHeaders" type="auto_abaf480c-985a-4a18-a889-603c9ad9625f_Input-Variables-outboundHeaders"/>
          <types:variable name="httpStatus" type="auto_abaf480c-985a-4a18-a889-603c9ad9625f_Input-Variables-httpStatus"/>
        </types:variables>
      </types:input-event>
      <types:output-event>
        <types:message>
          <types:payload type="auto_abaf480c-985a-4a18-a889-603c9ad9625f_Output-Payload"/>
          <types:attributes type="auto_abaf480c-985a-4a18-a889-603c9ad9625f_Output-Attributes"/>
        </types:message>
        <types:variables>
          <types:variable name="outboundHeaders" type="auto_abaf480c-985a-4a18-a889-603c9ad9625f_Output-Variables-outboundHeaders"/>
          <types:variable name="httpStatus" type="auto_abaf480c-985a-4a18-a889-603c9ad9625f_Output-Variables-httpStatus"/>
        </types:variables>
      </types:output-event>
    </types:processor-declaration>
  </types:enrichment>
</types:mule>